<?xml version="1.0"?>
<doc>
    <assembly>
        <name>CloverWindowsSDK</name>
    </assembly>
    <members>
        <member name="P:com.clover.sdk.v3.CloverException.Code">
            <summary>
            Optional Clover error code when it exists
            Refer to Clover Inc. documentation such as github.com/clover/remote-pay-windows/wiki for error code details
            </summary>
        </member>
        <member name="P:com.clover.sdk.v3.base_.CountryInfo.countryCode">
            <summary>
            ISO 3166-1-alpha-2 code
            </summary>
        </member>
        <member name="P:com.clover.sdk.v3.base_.CountryInfo.stateProvinceRequired">
            <summary>
            Indicates whether the state/province field is required when creating the address
            </summary>
        </member>
        <member name="P:com.clover.sdk.v3.base_.CountryInfo.zipPostalRequired">
            <summary>
            Indicates whether the ZIP/Postal code field is required when creating the address
            </summary>
        </member>
        <member name="P:com.clover.sdk.v3.base_.CountryInfo.countyRequired">
            <summary>
            Indicates whether the county field is required when creating the address
            </summary>
        </member>
        <member name="P:com.clover.sdk.v3.base_.CountryInfo.appMarketBillingEnabled">
            <summary>
            Indicates whether the country is enabled for app market billing
            </summary>
        </member>
        <member name="P:com.clover.sdk.v3.base_.Reference.id">
            <summary>
            Unique identifier
            </summary>
        </member>
        <member name="P:com.clover.sdk.v3.base_.ServiceCharge.id">
            <summary>
            Unique identifier
            </summary>
        </member>
        <member name="P:com.clover.sdk.v3.base_.ServiceCharge.orderRef">
            <summary>
            The order with which the service charge is associated
            </summary>
        </member>
        <member name="P:com.clover.sdk.v3.base_.ServiceCharge.name">
            <summary>
            Service charge name
            </summary>
        </member>
        <member name="P:com.clover.sdk.v3.base_.ServiceCharge.enabled">
            <summary>
            If this service charge is enabled
            </summary>
        </member>
        <member name="P:com.clover.sdk.v3.base_.ServiceCharge.percentage">
            <summary>
            DEPRECATED
            </summary>
        </member>
        <member name="P:com.clover.sdk.v3.base_.ServiceCharge.percentageDecimal">
            <summary>
            Percent to charge times 10000, e.g. 12.5% will be 125000
            </summary>
        </member>
        <member name="P:com.clover.sdk.v3.base_.Tender.id">
            <summary>
            Unique identifier
            </summary>
        </member>
        <member name="P:com.clover.sdk.v3.base_.Tender.editable">
            <summary>
            If this merchant tender is editable
            </summary>
        </member>
        <member name="P:com.clover.sdk.v3.base_.Tender.labelKey">
            <summary>
            Label Key
            </summary>
        </member>
        <member name="P:com.clover.sdk.v3.base_.Tender.label">
            <summary>
            Label Key
            </summary>
        </member>
        <member name="P:com.clover.sdk.v3.base_.Tender.opensCashDrawer">
            <summary>
            If this tender opens the cash drawer
            </summary>
        </member>
        <member name="P:com.clover.sdk.v3.base_.Tender.supportsTipping">
            <summary>
            Allow tipping on payment from tender
            </summary>
        </member>
        <member name="P:com.clover.sdk.v3.base_.Tender.enabled">
            <summary>
            If this merchant tender is enabled
            </summary>
        </member>
        <member name="P:com.clover.sdk.v3.base_.Tender.visible">
            <summary>
            If this merchant tender is visible
            </summary>
        </member>
        <member name="P:com.clover.sdk.v3.base_.Tender.instructions">
            <summary>
            Label Key
            </summary>
        </member>
        <member name="P:com.clover.sdk.v3.customers.Customer.id">
            <summary>
            Unique identifier
            </summary>
        </member>
        <member name="P:com.clover.sdk.v3.customers.Customer.orderRef">
            <summary>
            The order with which the customer is associated
            </summary>
        </member>
        <member name="P:com.clover.sdk.v3.customers.Customer.firstName">
            <summary>
            First/given name of the customer
            </summary>
        </member>
        <member name="P:com.clover.sdk.v3.customers.Customer.lastName">
            <summary>
            Last name/surname of the customer
            </summary>
        </member>
        <member name="P:com.clover.sdk.v3.customers.IdentityDocument.Type">
            <summary>
            Type of personal identification: National Document, Passport, etc
            </summary>
        </member>
        <member name="P:com.clover.sdk.v3.customers.IdentityDocument.Number">
            <summary>
            The identification number
            </summary>
        </member>
        <member name="P:com.clover.sdk.v3.device.Device.id">
            <summary>
            Unique identifier
            </summary>
        </member>
        <member name="P:com.clover.sdk.v3.device.Device.name">
            <summary>
            Name of the device (if entered)
            </summary>
        </member>
        <member name="P:com.clover.sdk.v3.device.Device.imei">
            <summary>
            The IMEI of the device
            </summary>
        </member>
        <member name="P:com.clover.sdk.v3.device.Device.imsi">
            <summary>
            The IMSI of the SIM in the device (if present)
            </summary>
        </member>
        <member name="P:com.clover.sdk.v3.device.Device.simIccid">
            <summary>
            The ICCID of the SIM in the device (if present)
            </summary>
        </member>
        <member name="P:com.clover.sdk.v3.device.DeviceProvision.id">
            <summary>
            Unique identifier
            </summary>
        </member>
        <member name="P:com.clover.sdk.v3.hours.HoursSet.id">
            <summary>
            Unique identifier
            </summary>
        </member>
        <member name="P:com.clover.sdk.v3.hours.HoursSet.name">
            <summary>
            Friendly name to describe the hours
            </summary>
        </member>
        <member name="P:com.clover.sdk.v3.hours.Reference.id">
            <summary>
            ID of the reference that uses this set of hours
            </summary>
        </member>
        <member name="P:com.clover.sdk.v3.hours.Reference.type">
            <summary>
            External type that these hours reference
            </summary>
        </member>
        <member name="P:com.clover.sdk.v3.inventory.Attribute.id">
            <summary>
            Unique identifier
            </summary>
        </member>
        <member name="P:com.clover.sdk.v3.inventory.Attribute.name">
            <summary>
            Name of this attribute
            </summary>
        </member>
        <member name="P:com.clover.sdk.v3.inventory.Attribute.itemGroup">
            <summary>
            The item group this attribute belongs to
            </summary>
        </member>
        <member name="P:com.clover.sdk.v3.inventory.Attribute.options">
            <summary>
            Options associated with this attribute
            </summary>
        </member>
        <member name="P:com.clover.sdk.v3.inventory.Category.id">
            <summary>
            Unique identifier
            </summary>
        </member>
        <member name="P:com.clover.sdk.v3.inventory.Category.name">
            <summary>
            
            </summary>
        </member>
        <member name="P:com.clover.sdk.v3.inventory.Category.items">
            <summary>
            Items associated with this category
            </summary>
        </member>
        <member name="P:com.clover.sdk.v3.inventory.Discount.id">
            <summary>
            Unique identifier
            </summary>
        </member>
        <member name="P:com.clover.sdk.v3.inventory.Discount.name">
            <summary>
            Name of the discount
            </summary>
        </member>
        <member name="P:com.clover.sdk.v3.inventory.Discount.amount">
            <summary>
            Discount amount in fraction of currency unit (e.g. cents) based on currency fraction digits supported
            </summary>
        </member>
        <member name="P:com.clover.sdk.v3.inventory.Discount.percentage">
            <summary>
            Discount amount in percent
            </summary>
        </member>
        <member name="P:com.clover.sdk.v3.inventory.Item.id">
            <summary>
            Unique identifier
            </summary>
        </member>
        <member name="P:com.clover.sdk.v3.inventory.Item.hidden">
            <summary>
            True if this item is hidden from register
            </summary>
        </member>
        <member name="P:com.clover.sdk.v3.inventory.Item.itemGroup">
            <summary>
            Reference to an item group
            </summary>
        </member>
        <member name="P:com.clover.sdk.v3.inventory.Item.name">
            <summary>
            Name of the item
            </summary>
        </member>
        <member name="P:com.clover.sdk.v3.inventory.Item.alternateName">
            <summary>
            Alternate name of the item
            </summary>
        </member>
        <member name="P:com.clover.sdk.v3.inventory.Item.code">
            <summary>
            Product code, e.g. UPC or EAN
            </summary>
        </member>
        <member name="P:com.clover.sdk.v3.inventory.Item.sku">
            <summary>
            SKU of the item
            </summary>
        </member>
        <member name="P:com.clover.sdk.v3.inventory.Item.price">
            <summary>
            Price of the item, typically in cents; use priceType and merchant currency to determine actual item price
            </summary>
        </member>
        <member name="P:com.clover.sdk.v3.inventory.Item.defaultTaxRates">
            <summary>
            Flag to indicate whether or not to use default tax rates
            </summary>
        </member>
        <member name="P:com.clover.sdk.v3.inventory.Item.unitName">
            <summary>
            Unit name, e.g. oz, lb
            </summary>
        </member>
        <member name="P:com.clover.sdk.v3.inventory.Item.cost">
            <summary>
            Cost of the item to merchant, as opposed to customer price
            </summary>
        </member>
        <member name="P:com.clover.sdk.v3.inventory.Item.isRevenue">
            <summary>
            True if this item should be counted as revenue, for example gift cards and donations would not
            </summary>
        </member>
        <member name="P:com.clover.sdk.v3.inventory.Item.stockCount">
            <summary>
            DEPRECATED: use itemStock instead
            </summary>
        </member>
        <member name="P:com.clover.sdk.v3.inventory.Item.categories">
            <summary>
            Categories associated with this item
            </summary>
        </member>
        <member name="P:com.clover.sdk.v3.inventory.Item.tags">
            <summary>
            Tags associated with this item
            </summary>
        </member>
        <member name="P:com.clover.sdk.v3.inventory.Item.itemStock">
            <summary>
            Item stock attribute that can be expanded to show stock quantity
            </summary>
        </member>
        <member name="P:com.clover.sdk.v3.inventory.ItemGroup.id">
            <summary>
            Unique identifier
            </summary>
        </member>
        <member name="P:com.clover.sdk.v3.inventory.ItemGroup.name">
            <summary>
            Name of the option
            </summary>
        </member>
        <member name="P:com.clover.sdk.v3.inventory.ItemGroup.items">
            <summary>
            Items that are members of this group
            </summary>
        </member>
        <member name="P:com.clover.sdk.v3.inventory.ItemGroup.attributes">
            <summary>
            Attributes that belong to this group
            </summary>
        </member>
        <member name="T:com.clover.sdk.v3.inventory.ItemStock">
            <summary>
            The class is used to update the item stock
            </summary>
        </member>
        <member name="P:com.clover.sdk.v3.inventory.ItemStock.item">
            <summary>
            Reference to an item
            </summary>
        </member>
        <member name="P:com.clover.sdk.v3.inventory.ItemStock.stockCount">
            <summary>
            DEPRECATED: use quantity instead
            </summary>
        </member>
        <member name="P:com.clover.sdk.v3.inventory.ItemStock.quantity">
            <summary>
            Current count of this item in stock
            </summary>
        </member>
        <member name="P:com.clover.sdk.v3.inventory.Modifier.id">
            <summary>
            Unique identifier
            </summary>
        </member>
        <member name="P:com.clover.sdk.v3.inventory.Modifier.name">
            <summary>
            Name of the modifier
            </summary>
        </member>
        <member name="P:com.clover.sdk.v3.inventory.Modifier.alternateName">
            <summary>
            Alternate name of the modifier
            </summary>
        </member>
        <member name="P:com.clover.sdk.v3.inventory.ModifierGroup.name">
            <summary>
            Name of the modifier group
            </summary>
        </member>
        <member name="P:com.clover.sdk.v3.inventory.ModifierGroup.modifierIds">
            <summary>
            The ordered, comma-separated list of modifier ids in this group.
            </summary>
        </member>
        <member name="P:com.clover.sdk.v3.inventory.Option.id">
            <summary>
            Unique identifier
            </summary>
        </member>
        <member name="P:com.clover.sdk.v3.inventory.Option.name">
            <summary>
            Name of the option
            </summary>
        </member>
        <member name="T:com.clover.sdk.v3.inventory.OptionItem">
            <summary>
            This class represents the association between an item and an option
            </summary>
        </member>
        <member name="P:com.clover.sdk.v3.inventory.OptionItem.option">
            <summary>
            Reference to an option
            </summary>
        </member>
        <member name="P:com.clover.sdk.v3.inventory.OptionItem.item">
            <summary>
            Reference to an item
            </summary>
        </member>
        <member name="P:com.clover.sdk.v3.inventory.Tag.id">
            <summary>
            Unique identifier
            </summary>
        </member>
        <member name="P:com.clover.sdk.v3.inventory.Tag.name">
            <summary>
            Tag name
            </summary>
        </member>
        <member name="P:com.clover.sdk.v3.inventory.Tag.items">
            <summary>
            Items associated with this tag
            </summary>
        </member>
        <member name="P:com.clover.sdk.v3.inventory.Tag.printers">
            <summary>
            Printers associated with this tag
            </summary>
        </member>
        <member name="P:com.clover.sdk.v3.inventory.TaxRate.lineItemRef">
            <summary>
            The line item with which the tax rate is associated
            </summary>
        </member>
        <member name="P:com.clover.sdk.v3.inventory.TaxRate.items">
            <summary>
            Items associated with this tax rate
            </summary>
        </member>
        <member name="P:com.clover.sdk.v3.DataProviderConfig.type">
            <summary>
            The Loyalty API data type
            </summary>
        </member>
        <member name="P:com.clover.sdk.v3.DataProviderConfig.configuration">
            <summary>
            Configurations related to the Loyalty API data type
            </summary>
        </member>
        <member name="P:com.clover.sdk.v3.LoyaltyDataConfig.type">
            <summary>
            The Loyalty API data type
            </summary>
        </member>
        <member name="P:com.clover.sdk.v3.LoyaltyDataConfig.configuration">
            <summary>
            Configurations related to the Loyalty API data type
            </summary>
        </member>
        <member name="P:com.clover.sdk.v3.LoyaltyDataTypes.VasConfig.ProviderPackage">
            <summary>
            Identifying id for this config
            </summary>
        </member>
        <member name="P:com.clover.sdk.v3.LoyaltyDataTypes.VasConfig.ProtocolId">
            <summary>
            Protocol of this VAS tap config, currently "ST" for Google Smart Tap or "PK" for Apple Pass Kit. Common values listed in VasProtocol enum for convenience.
            </summary>
        </member>
        <member name="P:com.clover.sdk.v3.LoyaltyDataTypes.VasConfig.ProtocolConfig">
            <summary>
            
            </summary>
        </member>
        <member name="P:com.clover.sdk.v3.LoyaltyDataTypes.VasConfig.PushUrl">
            <summary>
            Custom URL to send to Apple/Google identifying merchant per their rules
            </summary>
        </member>
        <member name="P:com.clover.sdk.v3.LoyaltyDataTypes.VasConfig.PushTitle">
            <summary>
            Title to send to Apple/Google identifying merchant per their rules
            </summary>
        </member>
        <member name="P:com.clover.sdk.v3.LoyaltyDataTypes.VasConfig.SupportedServices">
            <summary>
            The specific requested services. Common values listed in VasDataTypeType enum for convenience, for everything use "ALL"
            </summary>
        </member>
        <member name="P:com.clover.sdk.v3.merchant.TipSuggestion.id">
            <summary>
            Id can be anything, but best case is a java-uuid friendly Guid string.
            </summary>
        </member>
        <member name="P:com.clover.sdk.v3.merchant.TipSuggestion.name">
            <summary>
            Tip button title to display to user
            </summary>
        </member>
        <member name="P:com.clover.sdk.v3.merchant.TipSuggestion.percentage">
            <summary>
            Tip percentage for this tip suggestion button
            </summary>
        </member>
        <member name="P:com.clover.sdk.v3.merchant.TipSuggestion.isEnabled">
            <summary>
            isEnabled is currently ignored in the context of remote-pay, but setting to true will avoid future surprises if that changes.
            </summary>
        </member>
        <member name="P:com.clover.sdk.v3.order.Discount.id">
            <summary>
            Unique identifier
            </summary>
        </member>
        <member name="P:com.clover.sdk.v3.order.Discount.orderRef">
            <summary>
            The order with which the discount is associated
            </summary>
        </member>
        <member name="P:com.clover.sdk.v3.order.Discount.lineItemRef">
            <summary>
            The lineItem with which the discount is associated
            </summary>
        </member>
        <member name="P:com.clover.sdk.v3.order.Discount.discount">
            <summary>
            If this item is based on a standard discount, this will point to the appropriate inventory.Discount
            </summary>
        </member>
        <member name="P:com.clover.sdk.v3.order.Discount.name">
            <summary>
            Name of the discount
            </summary>
        </member>
        <member name="P:com.clover.sdk.v3.order.Discount.amount">
            <summary>
            Discount amount in fraction of currency unit (e.g. cents) based on currency fraction digits supported
            </summary>
        </member>
        <member name="P:com.clover.sdk.v3.order.Discount.percentage">
            <summary>
            Discount amount in percent
            </summary>
        </member>
        <member name="P:com.clover.sdk.v3.order.FireOrder.id">
            <summary>
            Unique identifier
            </summary>
        </member>
        <member name="P:com.clover.sdk.v3.order.FireOrder.orderId">
            <summary>
            The id of the order to fire.
            </summary>
        </member>
        <member name="P:com.clover.sdk.v3.order.FireOrder.delay">
            <summary>
            How long in seconds to wait before calling fire.
            </summary>
        </member>
        <member name="P:com.clover.sdk.v3.order.LineItem.id">
            <summary>
            Unique identifier
            </summary>
        </member>
        <member name="P:com.clover.sdk.v3.order.LineItem.orderRef">
            <summary>
            The order with which the line item is associated
            </summary>
        </member>
        <member name="P:com.clover.sdk.v3.order.LineItem.item">
            <summary>
            Inventory item used to create this line item
            </summary>
        </member>
        <member name="P:com.clover.sdk.v3.order.LineItem.name">
            <summary>
            Line item name
            </summary>
        </member>
        <member name="P:com.clover.sdk.v3.order.LineItem.alternateName">
            <summary>
            Alternate name of the line item
            </summary>
        </member>
        <member name="P:com.clover.sdk.v3.order.LineItem.price">
            <summary>
            Price of the item, typically in cents; use priceType and merchant currency to determine actual item price
            </summary>
        </member>
        <member name="P:com.clover.sdk.v3.order.LineItem.unitQty">
            <summary>
            Unit quantity
            </summary>
        </member>
        <member name="P:com.clover.sdk.v3.order.LineItem.unitName">
            <summary>
            Unit name (e.g. oz, lb, etc.)
            </summary>
        </member>
        <member name="P:com.clover.sdk.v3.order.LineItem.discountAmount">
            <summary>
            does the calculated flag actually do anything?
            </summary>
        </member>
        <member name="P:com.clover.sdk.v3.order.LineItem.isRevenue">
            <summary>
            True if this item should be counted as revenue, for example gift cards and donations would not
            </summary>
        </member>
        <member name="P:com.clover.sdk.v3.order.LineItem.payments">
            <summary>
            Payments that were made for this line item
            </summary>
        </member>
        <member name="T:com.clover.sdk.v3.order.Modification">
            <summary>
            Snapshot of a line item modifier at the time that the order was placed.
            </summary>
        </member>
        <member name="P:com.clover.sdk.v3.order.Modification.lineItemRef">
            <summary>
            The line item with which the modification is associated
            </summary>
        </member>
        <member name="P:com.clover.sdk.v3.order.Modification.modifier">
            <summary>
            The modifier object.  Values from the Modifier are copied to the Modification at the time that the order is placed.  Modifier values may change after the order is placed.
            </summary>
        </member>
        <member name="P:com.clover.sdk.v3.order.Order.id">
            <summary>
            Unique identifier
            </summary>
        </member>
        <member name="P:com.clover.sdk.v3.order.Order.currency">
            <summary>
            Currency of this order
            </summary>
        </member>
        <member name="P:com.clover.sdk.v3.order.Order.employee">
            <summary>
            The employee who took this order
            </summary>
        </member>
        <member name="P:com.clover.sdk.v3.order.Order.total">
            <summary>
            Total price of the order
            </summary>
        </member>
        <member name="P:com.clover.sdk.v3.order.Order.createdTime">
            <summary>
            Creation timestamp
            </summary>
        </member>
        <member name="P:com.clover.sdk.v3.order.Order.modifiedTime">
            <summary>
            Last modified time of the order
            </summary>
        </member>
        <member name="P:com.clover.sdk.v3.order.Order.serviceCharge">
            <summary>
            Optional service charge (gratuity) applied to this order
            </summary>
        </member>
        <member name="P:com.clover.sdk.v3.order.Order.payments">
            <summary>
            Payments that were made for this order
            </summary>
        </member>
        <member name="P:com.clover.sdk.v3.order.Order.refunds">
            <summary>
            Refunds that were made for this order
            </summary>
        </member>
        <member name="P:com.clover.sdk.v3.order.Order.voids">
            <summary>
            Voided payments associated with this order
            </summary>
        </member>
        <member name="P:com.clover.sdk.v3.order.Order.device">
            <summary>
            Device which created the order
            </summary>
        </member>
        <member name="P:com.clover.sdk.v3.order.OrderType.id">
            <summary>
            Unique identifier
            </summary>
        </member>
        <member name="P:com.clover.sdk.v3.order.OrderType.labelKey">
            <summary>
            Label Key
            </summary>
        </member>
        <member name="P:com.clover.sdk.v3.order.OrderType.label">
            <summary>
            Label Key
            </summary>
        </member>
        <member name="P:com.clover.sdk.v3.order.OrderType.taxable">
            <summary>
            If this order type is taxable
            </summary>
        </member>
        <member name="P:com.clover.sdk.v3.order.OrderType.isDefault">
            <summary>
            If this order type is the default
            </summary>
        </member>
        <member name="P:com.clover.sdk.v3.order.OrderType.filterCategories">
            <summary>
            If set to false, then this order type includes all of the merchant's categories. Otherwise, it only contains the categories defined in the "categories" field on this object.
            </summary>
        </member>
        <member name="P:com.clover.sdk.v3.order.OrderType.isHidden">
            <summary>
            If this order type is hidden on the register
            </summary>
        </member>
        <member name="P:com.clover.sdk.v3.order.OrderType.fee">
            <summary>
            The price of a fee added to this order type
            </summary>
        </member>
        <member name="P:com.clover.sdk.v3.order.OrderType.minOrderAmount">
            <summary>
            The minimum amount required for an order to be placed
            </summary>
        </member>
        <member name="P:com.clover.sdk.v3.order.OrderType.maxOrderAmount">
            <summary>
            The maximum amount for an order allowed
            </summary>
        </member>
        <member name="P:com.clover.sdk.v3.order.OrderType.maxRadius">
            <summary>
            The maximum radius allowed for an order (i.e. delivery)
            </summary>
        </member>
        <member name="P:com.clover.sdk.v3.order.OrderType.avgOrderTime">
            <summary>
            The average time it takes to complete the order
            </summary>
        </member>
        <member name="P:com.clover.sdk.v3.order.OrderType.isDeleted">
            <summary>
            If this order type is deleted
            </summary>
        </member>
        <member name="P:com.clover.sdk.v3.order.OrderType.systemOrderTypeId">
            <summary>
            Optional system order type that this order type is associated with.
            </summary>
        </member>
        <member name="P:com.clover.sdk.v3.order.OrderType.hours">
            <summary>
            The hours this order type is available (if they differ from normal merchant hours)
            </summary>
        </member>
        <member name="P:com.clover.sdk.v3.order.OrderType.categories">
            <summary>
            The categories of items that can be assigned to this order type
            </summary>
        </member>
        <member name="P:com.clover.sdk.v3.order.SystemOrderType.id">
            <summary>
            Unqiue identifier
            </summary>
        </member>
        <member name="P:com.clover.sdk.v3.order.SystemOrderType.labelKey">
            <summary>
            Label Key
            </summary>
        </member>
        <member name="P:com.clover.sdk.v3.order.SystemOrderType.isQsr">
            <summary>
            Is for quick service restraunts?
            </summary>
        </member>
        <member name="P:com.clover.sdk.v3.order.SystemOrderType.isFsr">
            <summary>
            Is for full service restraunts?
            </summary>
        </member>
        <member name="P:com.clover.sdk.v3.order.SystemOrderType.isRetail">
            <summary>
            Is for retail stores?
            </summary>
        </member>
        <member name="T:com.clover.sdk.v3.order.VoidReason">
            <summary>
            Symbols beginning with USER_ or REJECT_ are user-initiated.  Others are client- or server-initiated.
            </summary>
        </member>
        <member name="P:com.clover.sdk.v3.payments.AppTracking.developerAppId">
            <summary>
            The uuid from the developer application.  This is typically populated and used only on the back end.
            </summary>
        </member>
        <member name="P:com.clover.sdk.v3.payments.AppTracking.applicationName">
            <summary>
            The name of the developer application.
            </summary>
        </member>
        <member name="P:com.clover.sdk.v3.payments.AppTracking.applicationID">
            <summary>
            A string representing an application
            </summary>
        </member>
        <member name="P:com.clover.sdk.v3.payments.AppTracking.applicationVersion">
            <summary>
            A string representing a semanticversion.  See http://semver.org/
            </summary>
        </member>
        <member name="P:com.clover.sdk.v3.payments.AppTracking.sourceSDK">
            <summary>
            A string representing a SDK
            </summary>
        </member>
        <member name="P:com.clover.sdk.v3.payments.AppTracking.sourceSDKVersion">
            <summary>
            A string representing a semanticversion.  See http://semver.org/
            </summary>
        </member>
        <member name="P:com.clover.sdk.v3.payments.AppTracking.paymentRef">
            <summary>
            The payment with which this app tracking info is associated
            </summary>
        </member>
        <member name="P:com.clover.sdk.v3.payments.AppTracking.creditRef">
            <summary>
            The credit with which this app tracking info is associated
            </summary>
        </member>
        <member name="P:com.clover.sdk.v3.payments.AppTracking.refundRef">
            <summary>
            The refund with which this app tracking info is associated
            </summary>
        </member>
        <member name="P:com.clover.sdk.v3.payments.AppTracking.creditRefundRef">
            <summary>
            The credit refund with which this app tracking info is associated
            </summary>
        </member>
        <member name="P:com.clover.sdk.v3.payments.Authorization.id">
            <summary>
            Unique identifier
            </summary>
        </member>
        <member name="P:com.clover.sdk.v3.payments.Authorization.payment">
            <summary>
            Payment that the auth was opened with
            </summary>
        </member>
        <member name="P:com.clover.sdk.v3.payments.Authorization.tabName">
            <summary>
            Name of tab
            </summary>
        </member>
        <member name="P:com.clover.sdk.v3.payments.Authorization.amount">
            <summary>
            Amount authorized
            </summary>
        </member>
        <member name="P:com.clover.sdk.v3.payments.Authorization.cardType">
            <summary>
            Type of credit card used for authorization
            </summary>
        </member>
        <member name="P:com.clover.sdk.v3.payments.Authorization.last4">
            <summary>
            Last 4 digits of credit card used for authorization
            </summary>
        </member>
        <member name="P:com.clover.sdk.v3.payments.Authorization.authcode">
            <summary>
            Authorization code
            </summary>
        </member>
        <member name="P:com.clover.sdk.v3.payments.Authorization.closingPayment">
            <summary>
            Payment that the auth was closed with
            </summary>
        </member>
        <member name="P:com.clover.sdk.v3.payments.Authorization.createdTime">
            <summary>
            Time authorization was recorded on server
            </summary>
        </member>
        <member name="P:com.clover.sdk.v3.payments.Authorization.externalReferenceId">
            <summary>
            The external reference id if associated with the payment
            </summary>
        </member>
        <member name="P:com.clover.sdk.v3.payments.Batch.accountId">
            <summary>
            The id of employee who executed batch
            </summary>
        </member>
        <member name="P:com.clover.sdk.v3.payments.Batch.txCount">
            <summary>
            The number of transactions being batched
            </summary>
        </member>
        <member name="P:com.clover.sdk.v3.payments.Batch.totalBatchAmount">
            <summary>
            Total amount closed
            </summary>
        </member>
        <member name="P:com.clover.sdk.v3.payments.Batch.devices">
            <summary>
            List of devices in batch
            </summary>
        </member>
        <member name="P:com.clover.sdk.v3.payments.Batch.createdTime">
            <summary>
            Created time of batch
            </summary>
        </member>
        <member name="P:com.clover.sdk.v3.payments.Batch.modifiedTime">
            <summary>
            Modified time of batch
            </summary>
        </member>
        <member name="P:com.clover.sdk.v3.payments.Batch.batchDetails">
            <summary>
            Details split based on card / employees
            </summary>
        </member>
        <member name="P:com.clover.sdk.v3.payments.BatchCardTotal.count">
            <summary>
            Total count of types
            </summary>
        </member>
        <member name="P:com.clover.sdk.v3.payments.BatchCardTotal.total">
            <summary>
            Total amount for type
            </summary>
        </member>
        <member name="P:com.clover.sdk.v3.payments.BatchDetail.openTips">
            <summary>
            Number of open tips.
            </summary>
        </member>
        <member name="P:com.clover.sdk.v3.payments.BatchDetail.openTabs">
            <summary>
            Number of open tabs.
            </summary>
        </member>
        <member name="P:com.clover.sdk.v3.payments.BatchTotalType.count">
            <summary>
            Total count of types
            </summary>
        </member>
        <member name="P:com.clover.sdk.v3.payments.BatchTotalType.total">
            <summary>
            Total amount for type
            </summary>
        </member>
        <member name="P:com.clover.sdk.v3.payments.CardTransaction.paymentRef">
            <summary>
            The payment with which the card transaction is associated
            </summary>
        </member>
        <member name="P:com.clover.sdk.v3.payments.CardTransaction.creditRef">
            <summary>
            The credit with which the card transaction is associated
            </summary>
        </member>
        <member name="P:com.clover.sdk.v3.payments.CardTransaction.first6">
            <summary>
            The first four digits of the card number
            </summary>
        </member>
        <member name="P:com.clover.sdk.v3.payments.CardTransaction.last4">
            <summary>
            The last four digits of the card number
            </summary>
        </member>
        <member name="P:com.clover.sdk.v3.payments.CardTransaction.authCode">
            <summary>
            Authorization code (if successful)
            </summary>
        </member>
        <member name="P:com.clover.sdk.v3.payments.CardTransaction.extra">
            <summary>
            Extra info to be stored as part of gateway/card transaction
            </summary>
        </member>
        <member name="P:com.clover.sdk.v3.payments.CashAdvanceCustomerIdentification.serialNumber">
            <summary>
            Identification serial number
            </summary>
        </member>
        <member name="P:com.clover.sdk.v3.payments.CashAdvanceCustomerIdentification.maskedSerialNumber">
            <summary>
            Masked identification serial number
            </summary>
        </member>
        <member name="P:com.clover.sdk.v3.payments.CashAdvanceCustomerIdentification.encryptedSerialNumber">
            <summary>
            Encrypted identification serial number
            </summary>
        </member>
        <member name="P:com.clover.sdk.v3.payments.CashAdvanceCustomerIdentification.expirationDate">
            <summary>
            Expiration date in format MMDDYYYY
            </summary>
        </member>
        <member name="P:com.clover.sdk.v3.payments.CashAdvanceCustomerIdentification.issuingState">
            <summary>
            State in which identification was issued
            </summary>
        </member>
        <member name="P:com.clover.sdk.v3.payments.CashAdvanceCustomerIdentification.issuingCountry">
            <summary>
            Country in which identification was issued
            </summary>
        </member>
        <member name="P:com.clover.sdk.v3.payments.CashAdvanceCustomerIdentification.customerName">
            <summary>
            Full customer name
            </summary>
        </member>
        <member name="P:com.clover.sdk.v3.payments.CashAdvanceExtra.paymentRef">
            <summary>
            The payment with which this cash advance extra is associated
            </summary>
        </member>
        <member name="P:com.clover.sdk.v3.payments.Credit.id">
            <summary>
            Unique identifier
            </summary>
        </member>
        <member name="P:com.clover.sdk.v3.payments.Credit.orderRef">
            <summary>
            The order with which the credit is associated
            </summary>
        </member>
        <member name="P:com.clover.sdk.v3.payments.Credit.device">
            <summary>
            Device which processed this credit
            </summary>
        </member>
        <member name="P:com.clover.sdk.v3.payments.Credit.tender">
            <summary>
            The tender type associated with this payment, e.g. credit card, cash, etc.
            </summary>
        </member>
        <member name="P:com.clover.sdk.v3.payments.Credit.employee">
            <summary>
            The employee who processed the payment
            </summary>
        </member>
        <member name="P:com.clover.sdk.v3.payments.Credit.customers">
            <summary>
            Customer who received the credit/refund
            </summary>
        </member>
        <member name="P:com.clover.sdk.v3.payments.Credit.amount">
            <summary>
            Amount paid
            </summary>
        </member>
        <member name="P:com.clover.sdk.v3.payments.Credit.taxAmount">
            <summary>
            Amount paid in tax
            </summary>
        </member>
        <member name="P:com.clover.sdk.v3.payments.Credit.createdTime">
            <summary>
            Time payment was recorded on server
            </summary>
        </member>
        <member name="P:com.clover.sdk.v3.payments.Credit.cardTransaction">
            <summary>
            Information about the card used for credit/debit card payments
            </summary>
        </member>
        <member name="P:com.clover.sdk.v3.payments.Credit.externalReferenceId">
            <summary>
            The external reference id if associated with the payment
            </summary>
        </member>
        <member name="P:com.clover.sdk.v3.payments.DCCInfo.inquiryRateId">
            <summary>
            Inquiry Rate ID (IPG)
            </summary>
        </member>
        <member name="P:com.clover.sdk.v3.payments.DCCInfo.dccApplied">
            <summary>
            Flag indicating whether DCC was applied on this txn
            </summary>
        </member>
        <member name="P:com.clover.sdk.v3.payments.DCCInfo.foreignCurrencyCode">
            <summary>
            Foreign currency code
            </summary>
        </member>
        <member name="P:com.clover.sdk.v3.payments.DCCInfo.foreignAmount">
            <summary>
            Foreign (transaction) amount
            </summary>
        </member>
        <member name="P:com.clover.sdk.v3.payments.DCCInfo.exchangeRate">
            <summary>
            Exchange Rate
            </summary>
        </member>
        <member name="P:com.clover.sdk.v3.payments.DCCInfo.marginRatePercentage">
            <summary>
            Margin Rate Percentage
            </summary>
        </member>
        <member name="P:com.clover.sdk.v3.payments.DCCInfo.exchangeRateSourceName">
            <summary>
            Exchange Rate Source Name
            </summary>
        </member>
        <member name="P:com.clover.sdk.v3.payments.DCCInfo.ExchangeRateSourceTimeStamp">
            <summary>
            Exchange Rate Source Timestamp
            </summary>
        </member>
        <member name="P:com.clover.sdk.v3.payments.DCCInfo.paymentRef">
            <summary>
            The payment with which this DCC info is associated
            </summary>
        </member>
        <member name="P:com.clover.sdk.v3.payments.DCCInfo.creditRef">
            <summary>
            The credit (manual refund) with which this DCC info is associated
            </summary>
        </member>
        <member name="P:com.clover.sdk.v3.payments.GermanInfo.paymentRef">
            <summary>
            The payment with which this German info is associated
            </summary>
        </member>
        <member name="P:com.clover.sdk.v3.payments.GermanInfo.creditRef">
            <summary>
            The credit with which this German info is associated
            </summary>
        </member>
        <member name="P:com.clover.sdk.v3.payments.GermanInfo.refundRef">
            <summary>
            The refund with which this German info is associated
            </summary>
        </member>
        <member name="P:com.clover.sdk.v3.payments.GermanInfo.creditRefundRef">
            <summary>
            The credit refund with which this German info is associated
            </summary>
        </member>
        <member name="P:com.clover.sdk.v3.payments.GiftCard.track2">
            <summary>
            Track 2 Card Data
            </summary>
        </member>
        <member name="P:com.clover.sdk.v3.payments.GiftCard.cardNumber">
            <summary>
            Embossed Card Number
            </summary>
        </member>
        <member name="P:com.clover.sdk.v3.payments.GiftCard.isManuallyEntered">
            <summary>
            Was Account Number Manually Entered
            </summary>
        </member>
        <member name="P:com.clover.sdk.v3.payments.GiftCardResponse.requestAmount">
            <summary>
            Transaction Amount
            </summary>
        </member>
        <member name="P:com.clover.sdk.v3.payments.GiftCardTransaction.amount">
            <summary>
            Transaction Amount
            </summary>
        </member>
        <member name="P:com.clover.sdk.v3.payments.GiftCardTransaction.taxAmount">
            <summary>
            Tax Amount
            </summary>
        </member>
        <member name="P:com.clover.sdk.v3.payments.GiftCardTransaction.card">
            <summary>
            Gift Card
            </summary>
        </member>
        <member name="P:com.clover.sdk.v3.payments.GiftCardTransaction.lineItems">
            <summary>
            Payments that were made for this line item
            </summary>
        </member>
        <member name="P:com.clover.sdk.v3.payments.LineItemPayment.id">
            <summary>
            Unique identifier; TBD this is confusing because it's used as either line item id or payment id
            </summary>
        </member>
        <member name="P:com.clover.sdk.v3.payments.LineItemPayment.lineItemRef">
            <summary>
            The line item with which the line item payment is associated
            </summary>
        </member>
        <member name="P:com.clover.sdk.v3.payments.LineItemPayment.paymentRef">
            <summary>
            The payment with which the line item payment is associated
            </summary>
        </member>
        <member name="P:com.clover.sdk.v3.payments.LineItemPayment.percentage">
            <summary>
            Percent of this line item covered by this payment
            </summary>
        </member>
        <member name="P:com.clover.sdk.v3.payments.LineItemPayment.binName">
            <summary>
            Bin this line item payment was for
            </summary>
        </member>
        <member name="P:com.clover.sdk.v3.payments.LineItemPayment.refunded">
            <summary>
            Payment has been refunded
            </summary>
        </member>
        <member name="P:com.clover.sdk.v3.payments.Payment.id">
            <summary>
            Unique identifier
            </summary>
        </member>
        <member name="P:com.clover.sdk.v3.payments.Payment.order">
            <summary>
            The order with which the payment is associated
            </summary>
        </member>
        <member name="P:com.clover.sdk.v3.payments.Payment.device">
            <summary>
            Device which processed the transaction for this payment
            </summary>
        </member>
        <member name="P:com.clover.sdk.v3.payments.Payment.tender">
            <summary>
            The tender type associated with this payment, e.g. credit card, cash, etc.
            </summary>
        </member>
        <member name="P:com.clover.sdk.v3.payments.Payment.amount">
            <summary>
            Total amount paid
            </summary>
        </member>
        <member name="P:com.clover.sdk.v3.payments.Payment.tipAmount">
            <summary>
            Amount paid in tips
            </summary>
        </member>
        <member name="P:com.clover.sdk.v3.payments.Payment.taxAmount">
            <summary>
            Amount paid in tax
            </summary>
        </member>
        <member name="P:com.clover.sdk.v3.payments.Payment.cashbackAmount">
            <summary>
            Amount given back in a cash back transaction
            </summary>
        </member>
        <member name="P:com.clover.sdk.v3.payments.Payment.cashTendered">
            <summary>
            Amount of cash given by the customer
            </summary>
        </member>
        <member name="P:com.clover.sdk.v3.payments.Payment.employee">
            <summary>
            The employee who processed the payment
            </summary>
        </member>
        <member name="P:com.clover.sdk.v3.payments.Payment.createdTime">
            <summary>
            Time payment was recorded on server
            </summary>
        </member>
        <member name="P:com.clover.sdk.v3.payments.Payment.modifiedTime">
            <summary>
            Last modified time of the payment
            </summary>
        </member>
        <member name="P:com.clover.sdk.v3.payments.Payment.cardTransaction">
            <summary>
            Information about the card used for credit/debit card payments
            </summary>
        </member>
        <member name="P:com.clover.sdk.v3.payments.Payment.serviceCharge">
            <summary>
            Amount record as a service charge
            </summary>
        </member>
        <member name="P:com.clover.sdk.v3.payments.Payment.voidReason">
            <summary>
            If voided, the reason why (when available)
            </summary>
        </member>
        <member name="P:com.clover.sdk.v3.payments.Payment.dccInfo">
            <summary>
            Dynamic Currency Conversion information
            </summary>
        </member>
        <member name="P:com.clover.sdk.v3.payments.Payment.transactionSettings">
            <summary>
            Per transaction settings for the payment
            </summary>
        </member>
        <member name="P:com.clover.sdk.v3.payments.Payment.germanInfo">
            <summary>
            German region-specific information
            </summary>
        </member>
        <member name="P:com.clover.sdk.v3.payments.Payment.appTracking">
            <summary>
            Tracking information for the app that created this payment.
            </summary>
        </member>
        <member name="P:com.clover.sdk.v3.payments.Payment.cashAdvanceExtra">
            <summary>
            Information specific to cash advance transactions.
            </summary>
        </member>
        <member name="P:com.clover.sdk.v3.payments.Payment.transactionInfo">
            <summary>
            Transaction information
            </summary>
        </member>
        <member name="P:com.clover.sdk.v3.payments.Payment.signatureDisclaimer">
            <summary>
            Information displayed to customer for storing electronic signatures
            </summary>
        </member>
        <member name="P:com.clover.sdk.v3.payments.Payment.externalReferenceId">
            <summary>
            The external reference id if associated with the payment
            </summary>
        </member>
        <member name="P:com.clover.sdk.v3.payments.Payment.merchant">
            <summary>
            Merchant associated with the payment
            </summary>
        </member>
        <member name="P:com.clover.sdk.v3.payments.PaymentTaxRate.paymentRef">
            <summary>
            The payment with which the payment tax rate is associated
            </summary>
        </member>
        <member name="P:com.clover.sdk.v3.payments.Refund.id">
            <summary>
            Unique identifier
            </summary>
        </member>
        <member name="P:com.clover.sdk.v3.payments.Refund.orderRef">
            <summary>
            The order with which the refund is associated
            </summary>
        </member>
        <member name="P:com.clover.sdk.v3.payments.Refund.device">
            <summary>
            Device which processed the transaction for this refund
            </summary>
        </member>
        <member name="P:com.clover.sdk.v3.payments.Refund.amount">
            <summary>
            Total amount refunded, including tax
            </summary>
        </member>
        <member name="P:com.clover.sdk.v3.payments.Refund.taxAmount">
            <summary>
            Tax amount refunded
            </summary>
        </member>
        <member name="P:com.clover.sdk.v3.payments.Refund.createdTime">
            <summary>
            The time when the refund was recorded on the server
            </summary>
        </member>
        <member name="P:com.clover.sdk.v3.payments.Refund.clientCreatedTime">
            <summary>
            The time when the refund was recorded on the client
            </summary>
        </member>
        <member name="P:com.clover.sdk.v3.payments.Refund.payment">
            <summary>
            The payment with which the refund is associated
            </summary>
        </member>
        <member name="P:com.clover.sdk.v3.payments.Refund.overrideMerchantTender">
            <summary>
            The tender type associated with this payment, e.g. credit card, cash, etc.
            </summary>
        </member>
        <member name="P:com.clover.sdk.v3.payments.Refund.externalReferenceId">
            <summary>
            The external reference id if associated with the refund
            </summary>
        </member>
        <member name="P:com.clover.sdk.v3.payments.ServerTotalStats.employeeId">
            <summary>
            Employee corresponding to these stats
            </summary>
        </member>
        <member name="P:com.clover.sdk.v3.payments.ServiceChargeAmount.paymentRef">
            <summary>
            The payment with which the payment tax rate is associated
            </summary>
        </member>
        <member name="P:com.clover.sdk.v3.payments.SignatureDisclaimer.disclaimerValues">
            <summary>
            Values that will be substituted in standard disclaimer text (txn date/time, account number, product label, etc.
            </summary>
        </member>
        <member name="P:com.clover.sdk.v3.payments.SignatureDisclaimer.paymentRef">
            <summary>
            The payment with which this Signature disclaimer is associated
            </summary>
        </member>
        <member name="P:com.clover.sdk.v3.payments.Transaction.createdTime">
            <summary>
            The time when the transaction was recorded on the server
            </summary>
        </member>
        <member name="P:com.clover.sdk.v3.payments.Transaction.clientCreatedTime">
            <summary>
            The time when the transaction was recorded on the client
            </summary>
        </member>
        <member name="P:com.clover.sdk.v3.payments.TransactionInfo.languageIndicator">
            <summary>
            2 character language used for the transaction.  Deprecated in factor of transactionLocale.
            </summary>
        </member>
        <member name="P:com.clover.sdk.v3.payments.TransactionInfo.transactionLocale">
            <summary>
            Locale for the transaction (e.g. en-CA)
            </summary>
        </member>
        <member name="P:com.clover.sdk.v3.payments.TransactionInfo.paymentRef">
            <summary>
            The payment with which this extra is associated
            </summary>
        </member>
        <member name="P:com.clover.sdk.v3.payments.TransactionInfo.creditRef">
            <summary>
            The credit with which this extra is associated
            </summary>
        </member>
        <member name="P:com.clover.sdk.v3.payments.TransactionInfo.refundRef">
            <summary>
            The refund with which this extra is associated
            </summary>
        </member>
        <member name="P:com.clover.sdk.v3.payments.TransactionInfo.creditRefundRef">
            <summary>
            The credit refund with which this extra is associated
            </summary>
        </member>
        <member name="P:com.clover.sdk.v3.payments.TransactionInfo.fiscalInvoiceNumber">
            <summary>
            Consists of 4 digits prefix + 8 digits
            </summary>
        </member>
        <member name="P:com.clover.sdk.v3.payments.TransactionInfo.installmentsQuantity">
            <summary>
            AR Installments: number of installments
            </summary>
        </member>
        <member name="P:com.clover.sdk.v3.payments.TransactionInfo.installmentsPlanCode">
            <summary>
            AR Installments: plan alphanum code
            </summary>
        </member>
        <member name="P:com.clover.sdk.v3.payments.TransactionInfo.installmentsPlanId">
            <summary>
            AR Installments: selected plan id
            </summary>
        </member>
        <member name="P:com.clover.sdk.v3.payments.TransactionInfo.installmentsPlanDesc">
            <summary>
            AR Installments: selected plan desc
            </summary>
        </member>
        <member name="P:com.clover.sdk.v3.payments.TransactionInfo.cardTypeLabel">
            <summary>
            Card type label
            </summary>
        </member>
        <member name="P:com.clover.sdk.v3.payments.TransactionInfo.stan">
            <summary>
            STAN(System Audit Trace Number)
            </summary>
        </member>
        <member name="P:com.clover.sdk.v3.payments.TransactionInfo.identityDocument">
            <summary>
            Customers identification number and type
            </summary>
        </member>
        <member name="P:com.clover.sdk.v3.payments.TransactionInfo.batchNumber">
            <summary>
            Transaction Batch Number
            </summary>
        </member>
        <member name="P:com.clover.sdk.v3.payments.TransactionInfo.receiptNumber">
            <summary>
            Transaction Receipt Number
            </summary>
        </member>
        <member name="P:com.clover.sdk.v3.payments.TransactionInfo.reversalStan">
            <summary>
            STAN for reversal
            </summary>
        </member>
        <member name="P:com.clover.sdk.v3.payments.TransactionInfo.reversalMac">
            <summary>
            MAC for reversal
            </summary>
        </member>
        <member name="P:com.clover.sdk.v3.payments.TransactionInfo.reversalMacKsn">
            <summary>
            MAC KSN for reversal
            </summary>
        </member>
        <member name="P:com.clover.sdk.v3.payments.TransactionInfo.terminalIdentification">
            <summary>
            Designates the unique location of a terminal at a merchant
            </summary>
        </member>
        <member name="P:com.clover.sdk.v3.payments.TransactionInfo.merchantIdentifier">
            <summary>
            When concatenated with the Acquirer Identifier, uniquely identifies a given merchant
            </summary>
        </member>
        <member name="P:com.clover.sdk.v3.payments.TransactionInfo.merchantNameLocation">
            <summary>
            Indicates the name and location of the merchant
            </summary>
        </member>
        <member name="P:com.clover.sdk.v3.payments.TransactionInfo.maskedTrack2">
            <summary>
            Masked track2 data
            </summary>
        </member>
        <member name="P:com.clover.sdk.v3.payments.TransactionInfo.receiptExtraData">
            <summary>
            Extra data for receipt
            </summary>
        </member>
        <member name="P:com.clover.sdk.v3.payments.TransactionInfo.selectedService">
            <summary>
            Defines the Financial Service selected for the transaction
            </summary>
        </member>
        <member name="P:com.clover.sdk.v3.payments.TransactionInfo.transactionResult">
            <summary>
            Result of the transaction
            </summary>
        </member>
        <member name="P:com.clover.sdk.v3.payments.TransactionInfo.transactionTags">
            <summary>
            Contains a hex string with needed TLV tags for certification
            </summary>
        </member>
        <member name="P:com.clover.sdk.v3.payments.TransactionInfo.txFormat">
            <summary>
            Contains the information how the data inside transactionTags should be coded - initially we cause default and nexo as formats
            </summary>
        </member>
        <member name="P:com.clover.sdk.v3.payments.TransactionInfo.panMask">
            <summary>
            Contains the information how the PAN should masked.
            </summary>
        </member>
        <member name="P:com.clover.sdk.v3.payments.TransactionInfo.transactionSequenceCounter">
            <summary>
            Counter maintained by the terminal that is incremented for each transaction at the beginning of the Perform Service function.
            </summary>
        </member>
        <member name="P:com.clover.sdk.v3.payments.TransactionInfo.applicationPanSequenceNumber">
            <summary>
            Identifies and differentiates cards with the same PAN.
            </summary>
        </member>
        <member name="P:com.clover.sdk.v3.payments.TransactionInfo.reversalReason">
            <summary>
            Contains the reason why the transaction should be reversed in the host. It has to be mapped in server with the expected value by the corresponding gateway
            </summary>
        </member>
        <member name="P:com.clover.sdk.v3.payments.TransactionInfo.isTokenBasedTx">
            <summary>
            Boolean to determine if the transaction done using a vaulted card is a token based transaction
            </summary>
        </member>
        <member name="P:com.clover.sdk.v3.payments.TransactionInfo.origTransactionSequenceCounter">
            <summary>
            For reversal and capture transactions, this contains the reference (transactionSequenceCounter) to the originating transaction.
            </summary>
        </member>
        <member name="P:com.clover.sdk.v3.payments.TransactionInfo.transactionSequenceCounterUpdate">
            <summary>
            This field is populated when the TSC of a terminal is out of sync and is provided with an update.
            </summary>
        </member>
        <member name="F:com.clover.sdk.v3.payments.RegionalExtras.FISCAL_INVOICE_NUMBER_KEY">
            <summary>
            Set the invoice number or to RegionalExtras.SKIP_FISCAL_INVOICE_NUMBER_SCREEN_VALUE to skip the invoice number screen during the payment flow
            </summary>
        </member>
        <member name="F:com.clover.sdk.v3.payments.RegionalExtras.INSTALLMENT_NUMBER_KEY">
            <summary>
            Set to the number of installments to use and skip the installment selection screen during the payment flow
            </summary>
        </member>
        <member name="F:com.clover.sdk.v3.payments.RegionalExtras.INSTALLMENT_PLAN_KEY">
            <summary>
            Set to the installment plan identifier
            </summary>
        </member>
        <member name="F:com.clover.sdk.v3.payments.RegionalExtras.SKIP_FISCAL_INVOICE_NUMBER_SCREEN_VALUE">
            <summary>
            Value for FISCAL_INVOICE_NUMBER_KEY to skip showing the invoice screen without using an invoice number (same as SKIP button behavior in the device UI)
            </summary>
        </member>
        <member name="F:com.clover.sdk.v3.payments.RegionalExtras.INSTALLMENT_NUMBER_DEFAULT_VALUE">
            <summary>
            Default value for INSTALLMENT_NUMBER_KEY to skip the screen but use the device's default number of installments. (i.e. 1 installment, 100% paid immediately instead of payments over time.)
            </summary>
        </member>
        <member name="P:com.clover.sdk.v3.printer.Printer.id">
            <summary>
            Unique identifier
            </summary>
        </member>
        <member name="P:com.clover.sdk.v3.printer.Printer.mac">
            <summary>
            MAC address of a network printer
            </summary>
        </member>
        <member name="P:com.clover.sdk.v3.printer.Printer.ipAddress">
            <summary>
            IP address of a network printer
            </summary>
        </member>
        <member name="P:com.clover.sdk.v3.printer.Printer.type">
            <summary>
            NETWORK is a printer that's directly connected to the network.  MY_LOCAL represents the printer that's connected to the device that's making the request.
            </summary>
        </member>
        <member name="P:com.clover.remote.order.DisplayLineItem.price">
            Formatted unit quantity - such as 10 @ $1.99/oz
        </member>
        <member name="P:com.clover.remote.order.DisplayLineItem.unitPrice">
            Formatted unit price in cases if applicable
        </member>
        <member name="P:com.clover.remote.order.DisplayLineItem.quantity">
            Formatted quantity
        </member>
        <member name="P:com.clover.remote.order.DisplayLineItem.unitQuantity">
            Formatted unit quantity - such as 10 @ $1.99/oz
        </member>
        <member name="P:com.clover.remote.order.DisplayOrder.subtotal">
            Formatted subtotal of the order
        </member>
        <member name="P:com.clover.remote.order.DisplayOrder.tax">
            Formatted tax of the order
        </member>
        <member name="P:com.clover.remote.order.DisplayOrder.total">
            Formatted total of the order
        </member>
        <member name="P:com.clover.remote.order.DisplayOrder.serviceChargeName">
            Optional service charge name (gratuity) applied to this order
        </member>
        <member name="P:com.clover.remote.order.DisplayOrder.serviceChargeAmount">
            Optional service charge amount (gratuity) applied to this order
        </member>
        <member name="P:com.clover.remote.order.DisplayOrder.amountRemaining">
            Formatted amount remaining
        </member>
    </members>
</doc>
